request_id,amount_safe_to_pay,affordability_status,recommended_payment_method,payment_plan,earliest_date_for_full_payment,spending_changes_needed,decision_explanation
request_26,15656000,affordable_now,full_payment,2025-08-03:15656000,2025-08-03,none,Pay IDR 15656000 on 03 August 2025. This keeps the IDR 24768300 minimum protected over the next 90 days.
request_27,6670,affordable_now,full_payment,2026-07-05:6670,2026-07-05,none,Pay ZAR 6670 on 05 July 2026. This keeps the ZAR 20500 minimum protected over the next 90 days.
request_28,291.15,affordable_later,wait,2024-07-14:1302.40,2024-07-14,none,"Wait until 14 July 2024, then pay EUR 1302.40 in full. Paying sooner would put the EUR 1100 minimum at risk."
request_29,51524,affordable_now,full_payment,2025-11-04:51524,2025-11-04,none,Pay ZAR 51524 on 04 November 2025. This keeps the ZAR 28300 minimum protected over the next 90 days.
request_30,775.20,affordable_with_plan,installments,2026-04-06:268.74|2026-05-06:268.74|2026-06-05:268.74,2026-04-06,none,"Use 3 installments of USD 268.74, starting 06 April 2026. This keeps the USD 900 minimum protected."
request_31,2630682.84,affordable_later,wait,2024-09-14:18164000,2024-09-14,none,"Wait until 14 September 2024, then pay IDR 18164000 in full. Paying sooner would put the IDR 16588900 minimum at risk."
request_32,16777.21,not_affordable,not_recommended,none,,none,Do not make this payment by 15 April 2025. None of the available options keeps the ZAR 35700 minimum protected.
request_33,42627.85,affordable_later,wait,2026-03-15:118000,2026-03-15,none,"Wait until 15 March 2026, then pay INR 118000 in full. Paying sooner would put the INR 102100 minimum at risk."
request_34,129400,affordable_now,full_payment,2024-12-04:129400,2024-12-04,none,Pay INR 129400 on 04 December 2024. This keeps the INR 138500 minimum protected over the next 90 days.
request_35,22423.68,not_affordable,not_recommended,none,2026-01-16,none,Do not make this payment by 15 January 2026. None of the available options keeps the INR 106400 minimum protected.
request_36,581.16,affordable_later,wait,2026-09-13:3954,2026-09-13,none,"Wait until 13 September 2026, then pay USD 3954 in full. Paying sooner would put the USD 2400 minimum at risk."
request_37,4390728.41,affordable_later,wait,2024-04-17:14649000,2024-04-17,none,"Wait until 17 April 2024, then pay IDR 14649000 in full. Paying sooner would put the IDR 17056200 minimum at risk."
request_38,232.96,affordable_later,wait,2025-10-13:971.30,2025-10-13,none,"Wait until 13 October 2025, then pay EUR 971.30 in full. Paying sooner would put the EUR 400 minimum at risk."
request_39,138029.39,affordable_later,wait,2026-04-14:208600,2026-04-14,none,"Wait until 14 April 2026, then pay INR 208600 in full. Paying sooner would put the INR 213400 minimum at risk."
request_40,398.73,not_affordable,not_recommended,none,,none,Do not make this payment by 15 August 2024. None of the available options keeps the EUR 1500 minimum protected.
request_41,11812537,affordable_later,wait,2025-11-14:38760000,2025-11-14,none,"Wait until 14 November 2025, then pay IDR 38760000 in full. Paying sooner would put the IDR 25366600 minimum at risk."
request_42,52100,affordable_now,full_payment,2026-01-05:52100,2026-01-05,none,Pay INR 52100 on 05 January 2026. This keeps the INR 113100 minimum protected over the next 90 days.
request_43,11122266.98,affordable_later,wait,2024-09-13:43339000,2024-09-13,none,"Wait until 13 September 2024, then pay IDR 43339000 in full. Paying sooner would put the IDR 21398000 minimum at risk."
request_44,30333.65,not_affordable,not_recommended,none,,none,Do not make this payment by 15 April 2025. None of the available options keeps the INR 82900 minimum protected.
request_45,3411728.67,affordable_later,wait,2026-09-13:21983000,2026-09-13,none,"Wait until 13 September 2026, then pay IDR 21983000 in full. Paying sooner would put the IDR 11149800 minimum at risk."
request_46,35407.72,affordable_with_plan,partial_payment,2024-12-03:35407.72|2024-12-15:14042.28,2024-12-15,none,Pay INR 35407.72 on 03 December 2024 and the remaining INR 14042.28 on 15 December 2024. This completes the full request and keeps the INR 84000 minimum protected.
request_47,38114000,affordable_now,full_payment,2025-05-05:38114000,2025-05-05,none,Pay IDR 38114000 on 05 May 2025. This keeps the IDR 30049000 minimum protected over the next 90 days.
request_48,39467.57,affordable_with_plan,full_payment,2026-07-25:45700,2026-10-13,none,Pay INR 45700 on 25 July 2026. This keeps the INR 71300 minimum protected over the next 90 days.
request_49,10900130.20,not_affordable,not_recommended,none,2024-05-18,none,Do not make this payment by 22 May 2024. None of the available options keeps the IDR 20275700 minimum protected.
request_50,43900,affordable_now,full_payment,2025-08-06:43900,2025-08-06,none,Pay INR 43900 on 06 August 2025. This keeps the INR 99700 minimum protected over the next 90 days.
request_51,2191000,affordable_now,full_payment,2026-01-03:2191000,2026-01-03,none,Pay IDR 2191000 on 03 January 2026. This keeps the IDR 7811000 minimum protected over the next 90 days.
request_52,23805.80,affordable_with_plan,full_payment,2024-06-05:28870,2024-06-14,none,Pay INR 28870 on 05 June 2024. This keeps the INR 41500 minimum protected over the next 90 days.
request_53,553.05,affordable_with_plan,installments,2025-11-21:589.06|2025-12-19:589.06|2026-01-16:589.06,2025-12-14,none,"Use 3 installments of USD 589.06, starting 21 November 2025. This keeps the USD 2100 minimum protected."
request_54,1957.59,not_affordable,not_recommended,none,,none,Do not make this payment by 21 August 2026. None of the available options keeps the ZAR 37000 minimum protected.
request_55,129155.36,not_affordable,not_recommended,none,2026-08-13,none,Do not make this payment by 22 August 2026. None of the available options keeps the INR 124300 minimum protected.
request_56,634.68,affordable_with_plan,partial_payment,2025-02-03:634.68|2025-02-14:246.88,2025-02-14,none,Pay USD 634.68 on 03 February 2025 and the remaining USD 246.88 on 14 February 2025. This completes the full request and keeps the USD 2100 minimum protected.
request_57,12446.96,affordable_later,wait,2026-06-13:61446,2026-06-13,none,"Wait until 13 June 2026, then pay ZAR 61446 in full. Paying sooner would put the ZAR 42700 minimum at risk."
request_58,16226000,affordable_now,full_payment,2024-12-07:16226000,2024-12-07,none,Pay IDR 16226000 on 07 December 2024. This keeps the IDR 14433900 minimum protected over the next 90 days.
request_59,140600,affordable_with_plan,installments,2025-05-07:48741.33|2025-06-04:48741.33|2025-07-02:48741.33,2025-05-04,none,"Use 3 installments of INR 48741.33, starting 07 May 2025. This keeps the INR 132600 minimum protected."
request_60,199.89,affordable_now,full_payment,2026-01-06:199.89,2026-01-06,none,Pay USD 199.89 on 06 January 2026. This keeps the USD 400 minimum protected over the next 90 days.
request_61,29062,affordable_with_plan,installments,2024-03-17:10074.83|2024-04-17:10074.83|2024-05-18:10074.83,2024-03-03,none,"Use 3 installments of ZAR 10074.83, starting 17 March 2024. This keeps the ZAR 36700 minimum protected."
request_62,404.23,affordable_now,full_payment,2025-08-05:404.23,2025-08-05,none,Pay USD 404.23 on 05 August 2025. This keeps the USD 1300 minimum protected over the next 90 days.
request_63,50749.33,affordable_with_plan,partial_payment,2026-07-07:50749.33|2026-08-14:293150.67,2026-08-14,none,Pay INR 50749.33 on 07 July 2026 and the remaining INR 293150.67 on 14 August 2026. This completes the full request and keeps the INR 153500 minimum protected.
request_64,33392.34,not_affordable,not_recommended,none,,none,Do not make this payment by 16 August 2024. None of the available options keeps the INR 36100 minimum protected.
request_65,0,not_affordable,not_recommended,none,,none,Do not make this payment by 25 November 2025. None of the available options keeps the ZAR 15500 minimum protected.
request_66,22200,affordable_now,full_payment,2026-04-03:22200,2026-04-03,none,Pay INR 22200 on 03 April 2026. This keeps the INR 80700 minimum protected over the next 90 days.
request_67,302.31,affordable_later,wait,2024-09-14:2094,2024-09-14,none,"Wait until 14 September 2024, then pay USD 2094 in full. Paying sooner would put the USD 1200 minimum at risk."
request_68,1451.20,affordable_with_plan,installments,2025-02-14:725.09|2025-03-14:725.09|2025-04-11:725.09,2025-03-16,none,"Use 3 installments of USD 725.09, starting 14 February 2025. This keeps the USD 1500 minimum protected."
request_69,529.10,affordable_now,full_payment,2026-01-04:529.10,2026-01-04,none,Pay EUR 529.10 on 04 January 2026. This keeps the EUR 700 minimum protected over the next 90 days.
request_70,49646.29,not_affordable,not_recommended,none,2025-02-16,none,Do not make this payment by 15 February 2025. None of the available options keeps the INR 115000 minimum protected.
request_71,436938.17,not_affordable,not_recommended,none,,none,Do not make this payment by 28 May 2025. None of the available options keeps the IDR 8884800 minimum protected.
request_72,11330,affordable_now,full_payment,2026-07-05:11330,2026-07-05,none,Pay ZAR 11330 on 05 July 2026. This keeps the ZAR 12200 minimum protected over the next 90 days.
request_73,71400,affordable_now,full_payment,2023-01-20:71400,2023-01-20,none,Pay INR 71400 on 20 January 2023. This keeps the INR 103200 minimum protected over the next 90 days.
request_74,5010,affordable_now,full_payment,2025-08-04:5010,2025-08-04,none,Pay ZAR 5010 on 04 August 2025. This keeps the ZAR 21900 minimum protected over the next 90 days.
request_75,28270,affordable_with_plan,installments,2026-04-09:9800.27|2026-05-09:9800.27|2026-06-08:9800.27,2026-04-06,none,"Use 3 installments of ZAR 9800.27, starting 09 April 2026. This keeps the ZAR 39000 minimum protected."
request_76,847.79,not_affordable,not_recommended,none,2024-08-21,none,Do not make this payment by 30 July 2024. None of the available options keeps the USD 1800 minimum protected.
request_77,60700,affordable_now,full_payment,2025-11-05:60700,2025-11-05,none,Pay INR 60700 on 05 November 2025. This keeps the INR 82200 minimum protected over the next 90 days.
request_78,0,affordable_with_plan,full_payment,2025-10-02:50200,,none,Pay INR 50200 on 02 October 2025. This keeps the INR 55200 minimum protected over the next 90 days.
request_79,716.44,affordable_with_plan,partial_payment,2024-09-04:716.44|2024-10-14:1435.16,2024-10-14,none,Pay EUR 716.44 on 04 September 2024 and the remaining EUR 1435.16 on 14 October 2024. This completes the full request and keeps the EUR 1000 minimum protected.
request_80,116718.68,not_affordable,not_recommended,none,2025-03-16,none,Do not make this payment by 21 February 2025. None of the available options keeps the INR 121300 minimum protected.
request_81,2076,affordable_now,full_payment,2026-07-03:2076,2026-07-03,none,Pay USD 2076 on 03 July 2026. This keeps the USD 1600 minimum protected over the next 90 days.
request_82,490.31,affordable_later,wait,2024-12-16:1405.20,2024-12-16,none,"Wait until 16 December 2024, then pay USD 1405.20 in full. Paying sooner would put the USD 1100 minimum at risk."
request_83,15043.98,not_affordable,not_recommended,none,2025-06-19,none,Do not make this payment by 17 June 2025. None of the available options keeps the INR 37800 minimum protected.
request_84,30171.65,affordable_later,wait,2026-06-13:95400,2026-06-13,none,"Wait until 13 June 2026, then pay INR 95400 in full. Paying sooner would put the INR 91300 minimum at risk."
request_85,375011.04,not_affordable,not_recommended,none,,none,Do not make this payment by 26 April 2024. None of the available options keeps the IDR 6396300 minimum protected.
request_86,46300,affordable_now,full_payment,2025-08-03:46300,2025-08-03,none,Pay INR 46300 on 03 August 2025. This keeps the INR 84900 minimum protected over the next 90 days.
request_87,22460.38,affordable_later,wait,2026-02-13:487900,2026-02-13,none,"Wait until 13 February 2026, then pay INR 487900 in full. Paying sooner would put the INR 185900 minimum at risk."
request_88,10735.77,affordable_with_plan,installments,2024-06-14:9045.23|2024-07-15:9045.23|2024-08-15:9045.23,2024-07-14,none,"Use 3 installments of ZAR 9045.23, starting 14 June 2024. This keeps the ZAR 25800 minimum protected."
request_89,9384602.98,affordable_with_plan,installments,2025-11-18:4768746.67|2025-12-16:4768746.67|2026-01-13:4768746.67,2025-11-14,none,"Use 3 installments of IDR 4768746.67, starting 18 November 2025. This keeps the IDR 12534700 minimum protected."
request_90,2560,affordable_now,full_payment,2026-07-06:2560,2026-07-06,none,Pay ZAR 2560 on 06 July 2026. This keeps the ZAR 7600 minimum protected over the next 90 days.
request_91,308,not_affordable,not_recommended,none,,none,Do not make this payment by 15 November 2024. None of the available options keeps the EUR 2100 minimum protected.
request_92,34034,affordable_now,full_payment,2025-02-05:34034,2025-02-05,none,Pay ZAR 34034 on 05 February 2025. This keeps the ZAR 28100 minimum protected over the next 90 days.
request_93,1729.20,affordable_now,full_payment,2026-04-07:1729.20,2026-04-07,none,Pay USD 1729.20 on 07 April 2026. This keeps the USD 1900 minimum protected over the next 90 days.
request_94,572,affordable_now,full_payment,2024-12-04:572,2024-12-04,none,Pay EUR 572 on 04 December 2024. This keeps the EUR 600 minimum protected over the next 90 days.
request_95,35636.82,not_affordable,not_recommended,none,,none,Do not make this payment by 14 July 2025. None of the available options keeps the INR 145500 minimum protected.
request_96,76083.06,affordable_with_plan,installments,2026-01-10:31269.33|2026-02-09:31269.33|2026-03-11:31269.33,2026-01-14,none,"Use 3 installments of INR 31269.33, starting 10 January 2026. This keeps the INR 56500 minimum protected."
request_97,1491.72,affordable_with_plan,installments,2024-03-19:8145.28|2024-04-19:8145.28|2024-05-20:8145.28,2024-03-15,none,"Use 3 installments of ZAR 8145.28, starting 19 March 2024. This keeps the ZAR 29700 minimum protected."
request_98,9476.35,affordable_later,wait,2025-10-13:27148,2025-10-13,none,"Wait until 13 October 2025, then pay ZAR 27148 in full. Paying sooner would put the ZAR 30000 minimum at risk."
request_99,17779.22,affordable_with_plan,full_payment,2026-07-04:18062,2026-07-15,none,Pay ZAR 18062 on 04 July 2026. This keeps the ZAR 49100 minimum protected over the next 90 days.
request_100,27979.63,affordable_with_plan,installments,2024-06-13:12866.19|2024-07-14:12866.19|2024-08-14:12866.19,2024-06-14,none,"Use 3 installments of ZAR 12866.19, starting 13 June 2024. This keeps the ZAR 32500 minimum protected."
request_101,143500,affordable_now,full_payment,2025-11-03:143500,2025-11-03,none,Pay INR 143500 on 03 November 2025. This keeps the INR 187400 minimum protected over the next 90 days.
request_102,1716,affordable_with_plan,installments,2026-04-05:594.88|2026-05-05:594.88|2026-06-04:594.88,2026-04-05,none,"Use 3 installments of EUR 594.88, starting 05 April 2026. This keeps the EUR 900 minimum protected."
request_103,15113.86,not_affordable,not_recommended,none,,none,Do not make this payment by 07 October 2024. None of the available options keeps the INR 125500 minimum protected.
request_104,17204,affordable_now,full_payment,2025-02-04:17204,2025-02-04,none,Pay ZAR 17204 on 04 February 2025. This keeps the ZAR 24700 minimum protected over the next 90 days.
request_105,53500,affordable_now,full_payment,2026-06-08:53500,2026-06-08,none,Pay INR 53500 on 08 June 2026. This keeps the INR 73900 minimum protected over the next 90 days.
request_106,459.28,affordable_later,wait,2024-12-15:2207.70,2024-12-15,none,"Wait until 15 December 2024, then pay EUR 2207.70 in full. Paying sooner would put the EUR 1200 minimum at risk."
request_107,981.16,not_affordable,not_recommended,none,,none,Do not make this payment by 04 July 2025. None of the available options keeps the EUR 1600 minimum protected.
request_108,1870.94,not_affordable,not_recommended,none,2026-09-13,none,Do not make this payment by 26 July 2026. None of the available options keeps the ZAR 24100 minimum protected.
request_109,631.38,affordable_with_plan,installments,2024-03-18:645.98|2024-04-18:645.98|2024-05-19:645.98,2024-03-15,none,"Use 3 installments of EUR 645.98, starting 18 March 2024. This keeps the EUR 1700 minimum protected."
request_110,22352,affordable_with_plan,installments,2025-08-06:7748.69|2025-09-03:7748.69|2025-10-01:7748.69,2025-08-06,none,"Use 3 installments of ZAR 7748.69, starting 06 August 2025. This keeps the ZAR 11200 minimum protected."
request_111,16625000,affordable_now,full_payment,2026-04-03:16625000,2026-04-03,none,Pay IDR 16625000 on 03 April 2026. This keeps the IDR 23022800 minimum protected over the next 90 days.
request_112,271.70,affordable_now,full_payment,2024-06-05:271.70,2024-06-05,none,Pay EUR 271.70 on 05 June 2024. This keeps the EUR 500 minimum protected over the next 90 days.
request_113,21464.57,affordable_with_plan,full_payment,2026-09-04:36500,2026-09-14,none,Pay INR 36500 on 04 September 2026. This keeps the INR 82300 minimum protected over the next 90 days.
request_114,60173.97,affordable_with_plan,full_payment,2026-01-04:65300,2026-01-14,none,Pay INR 65300 on 04 January 2026. This keeps the INR 113400 minimum protected over the next 90 days.
request_115,14307.43,affordable_later,wait,2024-11-13:80500,2024-11-13,none,"Wait until 13 November 2024, then pay INR 80500 in full. Paying sooner would put the INR 38800 minimum at risk."
request_116,14641.41,not_affordable,not_recommended,none,2025-03-16,none,Do not make this payment by 16 April 2025. None of the available options keeps the INR 80300 minimum protected.
request_117,852.22,affordable_with_plan,full_payment,2026-07-05:880,2026-07-15,none,Pay EUR 880 on 05 July 2026. This keeps the EUR 1000 minimum protected over the next 90 days.
request_118,628.92,affordable_with_plan,installments,2024-12-07:255.87|2025-01-07:255.87|2025-02-07:255.87,2024-12-16,none,"Use 3 installments of EUR 255.87, starting 07 December 2024. This keeps the EUR 600 minimum protected."
request_119,60366.59,affordable_with_plan,installments,2025-05-18:70546.67|2025-06-15:70546.67|2025-07-13:70546.67,2025-05-15,none,"Use 3 installments of INR 70546.67, starting 18 May 2025. This keeps the INR 151200 minimum protected."
request_120,7714000,affordable_now,full_payment,2026-04-06:7714000,2026-04-06,none,Pay IDR 7714000 on 06 April 2026. This keeps the IDR 20050300 minimum protected over the next 90 days.
request_121,633.60,affordable_now,full_payment,2024-03-03:633.60,2024-03-03,none,Pay USD 633.60 on 03 March 2024. This keeps the USD 800 minimum protected over the next 90 days.
request_122,20558000,affordable_with_plan,installments,2025-08-05:7126773.33|2025-09-02:7126773.33|2025-09-30:7126773.33,2025-08-05,none,"Use 3 installments of IDR 7126773.33, starting 05 August 2025. This keeps the IDR 12588500 minimum protected."
request_123,4076000,affordable_now,full_payment,2026-01-07:4076000,2026-01-07,none,Pay IDR 4076000 on 07 January 2026. This keeps the IDR 18091200 minimum protected over the next 90 days.
request_124,1398.42,affordable_with_plan,installments,2024-06-11:1076.12|2024-07-12:1076.12|2024-08-12:1076.12,2024-06-14,none,"Use 3 installments of EUR 1076.12, starting 11 June 2024. This keeps the EUR 1600 minimum protected."
request_125,6468,affordable_now,full_payment,2025-11-06:6468,2025-11-06,none,Pay ZAR 6468 on 06 November 2025. This keeps the ZAR 11300 minimum protected over the next 90 days.
request_126,159600,affordable_now,full_payment,2026-07-03:159600,2026-07-03,none,Pay INR 159600 on 03 July 2026. This keeps the INR 129700 minimum protected over the next 90 days.
request_127,15650.08,affordable_later,wait,2024-09-12:23980,2024-09-12,none,"Wait until 12 September 2024, then pay ZAR 23980 in full. Paying sooner would put the ZAR 41000 minimum at risk."
request_128,25168,affordable_now,full_payment,2025-02-07:25168,2025-02-07,none,Pay ZAR 25168 on 07 February 2025. This keeps the ZAR 42600 minimum protected over the next 90 days.
request_129,109.64,not_affordable,not_recommended,none,,none,Do not make this payment by 18 June 2026. None of the available options keeps the USD 800 minimum protected.
request_130,370.05,not_affordable,not_recommended,none,2025-02-16,none,Do not make this payment by 15 February 2025. None of the available options keeps the USD 1400 minimum protected.
request_131,1357.44,affordable_with_plan,installments,2025-05-06:643.14|2025-06-03:643.14|2025-07-01:643.14,2025-06-16,none,"Use 3 installments of USD 643.14, starting 06 May 2025. This keeps the USD 1100 minimum protected."
request_132,345.10,affordable_with_plan,full_payment,2026-01-05:379.86,2026-01-14,none,Pay USD 379.86 on 05 January 2026. This keeps the USD 1100 minimum protected over the next 90 days.
request_133,15770000,not_affordable,not_recommended,none,2024-03-07,none,Do not make this payment by 29 March 2024. None of the available options keeps the IDR 9986200 minimum protected.
request_134,4436132.42,affordable_later,wait,2025-08-14:21831000,2025-08-14,none,"Wait until 14 August 2025, then pay IDR 21831000 in full. Paying sooner would put the IDR 15902500 minimum at risk."
request_135,286.83,affordable_with_plan,full_payment,2026-07-06:304.80,2026-07-15,none,Pay USD 304.80 on 06 July 2026. This keeps the USD 500 minimum protected over the next 90 days.
request_136,560.40,affordable_now,full_payment,2024-06-03:560.40,2024-06-03,none,Pay USD 560.40 on 03 June 2024. This keeps the USD 1100 minimum protected over the next 90 days.
request_137,24989.36,not_affordable,not_recommended,none,,none,Do not make this payment by 15 January 2026. None of the available options keeps the INR 71800 minimum protected.
request_138,1144.68,affordable_with_plan,partial_payment,2026-04-07:1144.68|2026-04-14:112.26,2026-04-14,none,Pay EUR 1144.68 on 07 April 2026 and the remaining EUR 112.26 on 14 April 2026. This completes the full request and keeps the EUR 2300 minimum protected.
request_139,1721.33,affordable_with_plan,installments,2024-09-07:802.88|2024-10-08:802.88|2024-11-08:802.88,2024-09-14,none,"Use 3 installments of USD 802.88, starting 07 September 2024. This keeps the USD 1500 minimum protected."
request_140,3433.01,not_affordable,not_recommended,none,,none,Do not make this payment by 04 March 2025. None of the available options keeps the ZAR 21600 minimum protected.
request_141,24674.84,not_affordable,not_recommended,none,,none,Do not make this payment by 12 February 2026. None of the available options keeps the INR 67300 minimum protected.
request_142,1263.60,affordable_now,full_payment,2024-12-05:1263.60,2024-12-05,none,Pay USD 1263.60 on 05 December 2024. This keeps the USD 1700 minimum protected over the next 90 days.
request_143,2639.67,not_affordable,not_recommended,none,2025-07-17,none,Do not make this payment by 15 July 2025. None of the available options keeps the ZAR 11300 minimum protected.
request_144,206.55,affordable_with_plan,full_payment,2026-07-04:233.34,2026-08-16,none,Pay USD 233.34 on 04 July 2026. This keeps the USD 600 minimum protected over the next 90 days.
request_145,26929.96,affordable_with_plan,installments,2024-03-20:75365.33|2024-04-20:75365.33|2024-05-21:75365.33,2024-04-17,none,"Use 3 installments of INR 75365.33, starting 20 March 2024. This keeps the INR 155400 minimum protected."
request_146,16090.82,affordable_later,wait,2025-09-14:449400,2025-09-14,none,"Wait until 14 September 2025, then pay INR 449400 in full. Paying sooner would put the INR 108600 minimum at risk."
request_147,478.46,affordable_with_plan,installments,2026-04-08:391.63|2026-05-08:391.63|2026-06-07:391.63,2026-04-14,none,"Use 3 installments of EUR 391.63, starting 08 April 2026. This keeps the EUR 900 minimum protected."
request_148,7146.34,affordable_with_plan,installments,2024-06-14:7710.56|2024-07-15:7710.56|2024-08-15:7710.56,2024-07-14,none,"Use 3 installments of ZAR 7710.56, starting 14 June 2024. This keeps the ZAR 20000 minimum protected."
request_149,24716.47,affordable_with_plan,installments,2025-11-18:12706.03|2025-12-16:12706.03|2026-01-13:12706.03,2025-11-14,none,"Use 3 installments of ZAR 12706.03, starting 18 November 2025. This keeps the ZAR 42100 minimum protected."
request_150,312.20,not_affordable,not_recommended,none,2026-03-15,none,Do not make this payment by 16 March 2026. None of the available options keeps the EUR 700 minimum protected.
request_151,26999000,affordable_now,full_payment,2024-09-03:26999000,2024-09-03,none,Pay IDR 26999000 on 03 September 2024. This keeps the IDR 31633600 minimum protected over the next 90 days.
request_152,11882.05,not_affordable,not_recommended,none,2025-04-15,none,Do not make this payment by 13 April 2025. None of the available options keeps the ZAR 11900 minimum protected.
request_153,21.22,not_affordable,not_recommended,none,,none,Do not make this payment by 24 September 2026. None of the available options keeps the USD 1400 minimum protected.
request_154,1625.80,affordable_with_plan,installments,2024-12-04:563.61|2025-01-04:563.61|2025-02-04:563.61,2024-12-04,none,"Use 3 installments of EUR 563.61, starting 04 December 2024. This keeps the EUR 1300 minimum protected."
request_155,112500,affordable_now,full_payment,2025-05-06:112500,2025-05-06,none,Pay INR 112500 on 06 May 2025. This keeps the INR 56300 minimum protected over the next 90 days.
request_156,11171.01,affordable_later,wait,2026-06-13:43076,2026-06-13,none,"Wait until 13 June 2026, then pay ZAR 43076 in full. Paying sooner would put the ZAR 26900 minimum at risk."
request_157,4658049.89,not_affordable,not_recommended,none,2024-05-18,none,Do not make this payment by 15 May 2024. None of the available options keeps the IDR 15714100 minimum protected.
request_158,242600,affordable_with_plan,installments,2025-08-07:84101.33|2025-09-04:84101.33|2025-10-02:84101.33,2025-08-07,none,"Use 3 installments of INR 84101.33, starting 07 August 2025. This keeps the INR 131400 minimum protected."
request_159,13398,affordable_now,full_payment,2026-01-04:13398,2026-01-04,none,Pay ZAR 13398 on 04 January 2026. This keeps the ZAR 8700 minimum protected over the next 90 days.
request_160,656.52,affordable_with_plan,installments,2024-06-13:432.05|2024-07-14:432.05|2024-08-14:432.05,2024-06-14,none,"Use 3 installments of EUR 432.05, starting 13 June 2024. This keeps the EUR 1200 minimum protected."
request_161,0,not_affordable,not_recommended,none,,none,Do not make this payment by 15 January 2026. None of the available options keeps the IDR 23010400 minimum protected.
request_162,3203251.42,not_affordable,not_recommended,none,,none,Do not make this payment by 26 August 2026. None of the available options keeps the IDR 24161100 minimum protected.
request_163,11584237.45,affordable_with_plan,installments,2024-09-10:6692053.33|2024-10-11:6692053.33|2024-11-11:6692053.33,2024-09-14,none,"Use 3 installments of IDR 6692053.33, starting 10 September 2024. This keeps the IDR 26728700 minimum protected."
request_164,27018000,affordable_with_plan,installments,2025-02-11:9366240|2025-03-11:9366240|2025-04-08:9366240,2025-02-04,none,"Use 3 installments of IDR 9366240, starting 11 February 2025. This keeps the IDR 29550500 minimum protected."
request_165,80600,affordable_now,full_payment,2026-04-06:80600,2026-04-06,none,Pay INR 80600 on 06 April 2026. This keeps the INR 95000 minimum protected over the next 90 days.
request_166,2907.60,affordable_with_plan,installments,2024-12-03:1007.97|2025-01-03:1007.97|2025-02-03:1007.97,2024-12-03,none,"Use 3 installments of USD 1007.97, starting 03 December 2024. This keeps the USD 1700 minimum protected."
request_167,43802,affordable_now,full_payment,2025-05-05:43802,2025-05-05,none,Pay ZAR 43802 on 05 May 2025. This keeps the ZAR 31200 minimum protected over the next 90 days.
request_168,29484.71,affordable_with_plan,partial_payment,2026-01-07:29484.71|2026-01-14:19895.29,2026-01-14,none,Pay INR 29484.71 on 07 January 2026 and the remaining INR 19895.29 on 14 January 2026. This completes the full request and keeps the INR 114400 minimum protected.
request_169,41976,affordable_now,full_payment,2024-03-04:41976,2024-03-04,none,Pay ZAR 41976 on 04 March 2024. This keeps the ZAR 18700 minimum protected over the next 90 days.
request_170,31533245.52,affordable_with_plan,installments,2025-08-06:12804480|2025-09-03:12804480|2025-10-01:12804480,2025-09-13,none,"Use 3 installments of IDR 12804480, starting 06 August 2025. This keeps the IDR 24715800 minimum protected."
request_171,35.55,not_affordable,not_recommended,none,,none,Do not make this payment by 10 September 2026. None of the available options keeps the EUR 500 minimum protected.
request_172,10200,affordable_with_plan,installments,2024-06-05:5304|2024-07-03:5304,2024-06-05,none,"Use 2 installments of ZAR 5304, starting 05 June 2024. This keeps the ZAR 27200 minimum protected."
request_173,63973.03,affordable_with_plan,installments,2025-11-21:39173.33|2025-12-19:39173.33|2026-01-16:39173.33,2026-01-13,none,"Use 3 installments of INR 39173.33, starting 21 November 2025. This keeps the INR 79100 minimum protected."
request_174,1146.20,affordable_with_plan,installments,2026-04-04:397.35|2026-05-04:397.35|2026-06-03:397.35,2026-04-04,none,"Use 3 installments of EUR 397.35, starting 04 April 2026. This keeps the EUR 700 minimum protected."
request_175,2346.30,affordable_now,full_payment,2024-09-06:2346.30,2024-09-06,none,Pay EUR 2346.30 on 06 September 2024. This keeps the EUR 1700 minimum protected over the next 90 days.
request_176,400.53,not_affordable,not_recommended,none,2025-04-15,none,Do not make this payment by 27 February 2025. None of the available options keeps the EUR 600 minimum protected.
request_177,1017.60,affordable_now,full_payment,2026-01-05:1017.60,2026-01-05,none,Pay USD 1017.60 on 05 January 2026. This keeps the USD 1300 minimum protected over the next 90 days.
request_178,2938.10,affordable_with_plan,installments,2024-12-07:1018.54|2025-01-07:1018.54|2025-02-07:1018.54,2024-12-07,none,"Use 3 installments of EUR 1018.54, starting 07 December 2024. This keeps the EUR 1400 minimum protected."
request_179,6522843.53,not_affordable,not_recommended,none,2025-07-17,none,Do not make this payment by 15 July 2025. None of the available options keeps the IDR 41430800 minimum protected.
request_180,66500,affordable_now,full_payment,2026-07-06:66500,2026-07-06,none,Pay INR 66500 on 06 July 2026. This keeps the INR 37300 minimum protected over the next 90 days.
request_181,375.76,not_affordable,not_recommended,none,2024-04-14,none,Do not make this payment by 07 April 2024. None of the available options keeps the USD 2000 minimum protected.
request_182,53802.44,affordable_with_plan,full_payment,2025-08-05:65714,2025-10-19,none,Pay ZAR 65714 on 05 August 2025. This keeps the ZAR 31100 minimum protected over the next 90 days.
request_183,24837395.83,affordable_with_plan,installments,2026-04-10:9313546.67|2026-05-10:9313546.67|2026-06-09:9313546.67,2026-04-14,none,"Use 3 installments of IDR 9313546.67, starting 10 April 2026. This keeps the IDR 11878300 minimum protected."
request_184,9849.40,not_affordable,not_recommended,none,,none,Do not make this payment by 30 July 2024. None of the available options keeps the INR 110800 minimum protected.
request_185,401.38,affordable_later,wait,2026-01-13:1257.30,2026-01-13,none,"Wait until 13 January 2026, then pay EUR 1257.30 in full. Paying sooner would put the EUR 1300 minimum at risk."
request_186,12117.44,affordable_later,wait,2026-03-15:26554,2026-03-15,none,"Wait until 15 March 2026, then pay ZAR 26554 in full. Paying sooner would put the ZAR 22000 minimum at risk."
request_187,38212.61,affordable_later,wait,2024-09-14:187500,2024-09-14,none,"Wait until 14 September 2024, then pay INR 187500 in full. Paying sooner would put the INR 128300 minimum at risk."
request_188,182.94,not_affordable,not_recommended,none,,none,Do not make this payment by 04 March 2025. None of the available options keeps the EUR 900 minimum protected.
request_189,488.40,affordable_now,full_payment,2026-07-04:488.40,2026-07-04,none,Pay EUR 488.40 on 04 July 2026. This keeps the EUR 400 minimum protected over the next 90 days.
request_190,573.21,affordable_later,wait,2024-12-15:2557.50,2024-12-15,none,"Wait until 15 December 2024, then pay EUR 2557.50 in full. Paying sooner would put the EUR 1600 minimum at risk."
request_191,664.40,affordable_now,full_payment,2025-05-03:664.40,2025-05-03,none,Pay EUR 664.40 on 03 May 2025. This keeps the EUR 500 minimum protected over the next 90 days.
request_192,237.85,not_affordable,not_recommended,none,2026-05-14,none,Do not make this payment by 11 May 2026. None of the available options keeps the USD 1000 minimum protected.
request_193,33.61,affordable_with_plan,installments,2024-03-21:420.23|2024-04-21:420.23|2024-05-22:420.23,2024-05-18,none,"Use 3 installments of EUR 420.23, starting 21 March 2024. This keeps the EUR 1000 minimum protected."
request_194,39449.03,affordable_later,wait,2025-10-13:132800,2025-10-13,none,"Wait until 13 October 2025, then pay INR 132800 in full. Paying sooner would put the INR 113600 minimum at risk."
request_195,990.55,affordable_with_plan,installments,2026-01-09:405.74|2026-02-08:405.74|2026-03-10:405.74,2026-01-14,none,"Use 3 installments of EUR 405.74, starting 09 January 2026. This keeps the EUR 700 minimum protected."
request_196,762.30,affordable_now,full_payment,2024-06-03:762.30,2024-06-03,none,Pay EUR 762.30 on 03 June 2024. This keeps the EUR 500 minimum protected over the next 90 days.
request_197,18222618.91,not_affordable,not_recommended,none,,none,Do not make this payment by 21 January 2026. None of the available options keeps the IDR 26245900 minimum protected.
request_198,185800,affordable_now,full_payment,2026-07-07:185800,2026-07-07,none,Pay INR 185800 on 07 July 2026. This keeps the INR 124300 minimum protected over the next 90 days.
request_199,23674000,affordable_with_plan,installments,2024-09-07:8206986.67|2024-10-08:8206986.67|2024-11-08:8206986.67,2024-09-04,none,"Use 3 installments of IDR 8206986.67, starting 07 September 2024. This keeps the IDR 25359500 minimum protected."
request_200,14584273.58,affordable_with_plan,full_payment,2025-02-06:21717000,,none,Pay IDR 21717000 on 06 February 2025. This keeps the IDR 20114600 minimum protected over the next 90 days.
request_201,23997000,affordable_now,full_payment,2026-04-03:23997000,2026-04-03,none,Pay IDR 23997000 on 03 April 2026. This keeps the IDR 17304500 minimum protected over the next 90 days.
request_202,123900,affordable_now,full_payment,2024-12-05:123900,2024-12-05,none,Pay INR 123900 on 05 December 2024. This keeps the INR 147800 minimum protected over the next 90 days.
request_203,1442.10,affordable_with_plan,installments,2025-05-10:499.93|2025-06-07:499.93|2025-07-05:499.93,2025-05-07,none,"Use 3 installments of EUR 499.93, starting 10 May 2025. This keeps the EUR 1400 minimum protected."
request_204,577.44,affordable_with_plan,full_payment,2026-01-04:588.74,2026-01-14,none,Pay EUR 588.74 on 04 January 2026. This keeps the EUR 1300 minimum protected over the next 90 days.
request_205,10621000,affordable_now,full_payment,2024-03-06:10621000,2024-03-06,none,Pay IDR 10621000 on 06 March 2024. This keeps the IDR 13994300 minimum protected over the next 90 days.
request_206,1404.70,affordable_with_plan,installments,2025-08-03:486.96|2025-08-31:486.96|2025-09-28:486.96,2025-08-03,none,"Use 3 installments of EUR 486.96, starting 03 August 2025. This keeps the EUR 900 minimum protected."
request_207,4315.86,affordable_later,wait,2026-07-15:11830,2026-07-15,none,"Wait until 15 July 2026, then pay ZAR 11830 in full. Paying sooner would put the ZAR 13600 minimum at risk."
request_208,3007761.86,affordable_with_plan,full_payment,2024-06-07:4413000,2024-06-14,none,Pay IDR 4413000 on 07 June 2024. This keeps the IDR 10470700 minimum protected over the next 90 days.
request_209,1585.93,not_affordable,not_recommended,none,2025-12-14,none,Do not make this payment by 25 November 2025. None of the available options keeps the ZAR 18400 minimum protected.
request_210,1133.51,affordable_with_plan,partial_payment,2026-04-06:1133.51|2026-04-14:226.51,2026-04-14,none,Pay USD 1133.51 on 06 April 2026 and the remaining USD 226.51 on 14 April 2026. This completes the full request and keeps the USD 2000 minimum protected.
request_211,263.92,affordable_later,wait,2024-09-14:1788.60,2024-09-14,none,"Wait until 14 September 2024, then pay EUR 1788.60 in full. Paying sooner would put the EUR 1500 minimum at risk."
request_212,0,not_affordable,not_recommended,none,,none,Do not make this payment by 28 February 2025. None of the available options keeps the IDR 29579800 minimum protected.
request_213,3362.40,affordable_with_plan,installments,2026-01-21:1165.63|2026-02-20:1165.63|2026-03-22:1165.63,2026-01-07,none,"Use 3 installments of USD 1165.63, starting 21 January 2026. This keeps the USD 2100 minimum protected."
request_214,46594.11,affordable_with_plan,partial_payment,2024-12-04:46594.11|2024-12-16:23155.89,2024-12-16,none,Pay INR 46594.11 on 04 December 2024 and the remaining INR 23155.89 on 16 December 2024. This completes the full request and keeps the INR 174900 minimum protected.
request_215,29986,affordable_with_plan,installments,2025-05-09:10395.15|2025-06-06:10395.15|2025-07-04:10395.15,2025-05-06,none,"Use 3 installments of ZAR 10395.15, starting 09 May 2025. This keeps the ZAR 15700 minimum protected."
request_216,470.09,affordable_later,wait,2026-09-13:3332.40,2026-09-13,none,"Wait until 13 September 2026, then pay USD 3332.40 in full. Paying sooner would put the USD 1800 minimum at risk."
request_217,19357.77,affordable_with_plan,installments,2024-03-19:12889.07|2024-04-19:12889.07|2024-05-20:12889.07,2024-03-15,none,"Use 3 installments of ZAR 12889.07, starting 19 March 2024. This keeps the ZAR 26800 minimum protected."
request_218,28299706.52,affordable_with_plan,installments,2025-08-07:21195893.33|2025-09-04:21195893.33|2025-10-02:21195893.33,2025-08-14,none,"Use 3 installments of IDR 21195893.33, starting 07 August 2025. This keeps the IDR 34477200 minimum protected."
request_219,1353.69,affordable_with_plan,installments,2026-04-07:580.01|2026-05-07:580.01|2026-06-06:580.01,2026-04-14,none,"Use 3 installments of EUR 580.01, starting 07 April 2026. This keeps the EUR 1100 minimum protected."
request_220,148.93,not_affordable,not_recommended,none,,none,Do not make this payment by 03 July 2024. None of the available options keeps the EUR 1100 minimum protected.
request_221,109800,affordable_now,full_payment,2025-11-03:109800,2025-11-03,none,Pay INR 109800 on 03 November 2025. This keeps the INR 81500 minimum protected over the next 90 days.
request_222,34078,affordable_now,full_payment,2026-01-05:34078,2026-01-05,none,Pay ZAR 34078 on 05 January 2026. This keeps the ZAR 27300 minimum protected over the next 90 days.
request_223,898.70,affordable_now,full_payment,2024-09-07:898.70,2024-09-07,none,Pay EUR 898.70 on 07 September 2024. This keeps the EUR 800 minimum protected over the next 90 days.
request_224,9883719.10,affordable_with_plan,partial_payment,2025-02-04:9883719.10|2025-02-14:443280.90,2025-02-14,none,Pay IDR 9883719.10 on 04 February 2025 and the remaining IDR 443280.90 on 14 February 2025. This completes the full request and keeps the IDR 22187600 minimum protected.
request_225,9433174.69,affordable_with_plan,installments,2026-07-20:7647120|2026-08-19:7647120|2026-09-18:7647120,2026-09-13,none,"Use 3 installments of IDR 7647120, starting 20 July 2026. This keeps the IDR 17670700 minimum protected."
request_226,157000,affordable_now,full_payment,2024-12-03:157000,2024-12-03,none,Pay INR 157000 on 03 December 2024. This keeps the INR 209400 minimum protected over the next 90 days.
request_227,0,not_affordable,not_recommended,none,,none,Do not make this payment by 20 June 2025. None of the available options keeps the INR 62900 minimum protected.
request_228,6481097.82,not_affordable,not_recommended,none,,none,Do not make this payment by 30 April 2026. None of the available options keeps the IDR 26191200 minimum protected.
request_229,379.93,not_affordable,not_recommended,none,2024-05-18,none,Do not make this payment by 23 May 2024. None of the available options keeps the EUR 1000 minimum protected.
request_230,3537.60,affordable_now,full_payment,2025-08-06:3537.60,2025-08-06,none,Pay EUR 3537.60 on 06 August 2025. This keeps the EUR 2000 minimum protected over the next 90 days.
request_231,34547.43,affordable_with_plan,installments,2026-01-06:12378.08|2026-02-05:12378.08|2026-03-07:12378.08,2026-01-14,none,"Use 3 installments of ZAR 12378.08, starting 06 January 2026. This keeps the ZAR 24300 minimum protected."
request_232,824.71,not_affordable,not_recommended,none,,none,Do not make this payment by 15 August 2024. None of the available options keeps the EUR 2400 minimum protected.
request_233,0,not_affordable,not_recommended,none,,none,Do not make this payment by 17 December 2025. None of the available options keeps the IDR 10365700 minimum protected.
request_234,182.32,affordable_later,wait,2026-09-13:1213.30,2026-09-13,none,"Wait until 13 September 2026, then pay EUR 1213.30 in full. Paying sooner would put the EUR 700 minimum at risk."
request_235,967.20,affordable_now,full_payment,2024-09-06:967.20,2024-09-06,none,Pay USD 967.20 on 06 September 2024. This keeps the USD 700 minimum protected over the next 90 days.
request_236,6057746.37,not_affordable,not_recommended,none,,none,Do not make this payment by 23 February 2025. None of the available options keeps the IDR 16768600 minimum protected.
request_237,23826000,affordable_now,full_payment,2026-04-05:23826000,2026-04-05,none,Pay IDR 23826000 on 05 April 2026. This keeps the IDR 22431500 minimum protected over the next 90 days.
request_238,663.60,affordable_with_plan,installments,2024-12-07:230.05|2025-01-07:230.05|2025-02-07:230.05,2024-12-07,none,"Use 3 installments of USD 230.05, starting 07 December 2024. This keeps the USD 700 minimum protected."
request_239,642,affordable_now,full_payment,2025-05-04:642,2025-05-04,none,Pay USD 642 on 04 May 2025. This keeps the USD 600 minimum protected over the next 90 days.
request_240,16266.71,not_affordable,not_recommended,none,,none,Do not make this payment by 20 March 2026. None of the available options keeps the INR 52800 minimum protected.
request_241,21052000,affordable_with_plan,installments,2024-03-17:7298026.67|2024-04-17:7298026.67|2024-05-18:7298026.67,2024-03-03,none,"Use 3 installments of IDR 7298026.67, starting 17 March 2024. This keeps the IDR 19252000 minimum protected."
request_242,0,not_affordable,not_recommended,none,,none,Do not make this payment by 25 August 2025. None of the available options keeps the EUR 600 minimum protected.
request_243,17468,affordable_now,full_payment,2026-07-07:17468,2026-07-07,none,Pay ZAR 17468 on 07 July 2026. This keeps the ZAR 19900 minimum protected over the next 90 days.
request_244,49918,affordable_now,full_payment,2024-06-04:49918,2024-06-04,none,Pay ZAR 49918 on 04 June 2024. This keeps the ZAR 45900 minimum protected over the next 90 days.
request_245,31776.48,affordable_later,wait,2026-01-13:128500,2026-01-13,none,"Wait until 13 January 2026, then pay INR 128500 in full. Paying sooner would put the INR 94600 minimum at risk."
request_246,64086,affordable_with_plan,installments,2026-04-03:22216.48|2026-05-03:22216.48|2026-06-02:22216.48,2026-04-03,none,"Use 3 installments of ZAR 22216.48, starting 03 April 2026. This keeps the ZAR 39300 minimum protected."
request_247,1059.30,affordable_now,full_payment,2024-09-05:1059.30,2024-09-05,none,Pay EUR 1059.30 on 05 September 2024. This keeps the EUR 1300 minimum protected over the next 90 days.
request_248,936.79,not_affordable,not_recommended,none,,none,Do not make this payment by 28 April 2025. None of the available options keeps the USD 1300 minimum protected.
request_249,141.26,affordable_later,wait,2026-03-15:643.20,2026-03-15,none,"Wait until 15 March 2026, then pay USD 643.20 in full. Paying sooner would put the USD 600 minimum at risk."
request_250,15496.91,affordable_with_plan,partial_payment,2024-12-06:15496.91|2025-01-14:108781.09,2025-01-14,none,Pay ZAR 15496.91 on 06 December 2024 and the remaining ZAR 108781.09 on 14 January 2025. This completes the full request and keeps the ZAR 35300 minimum protected.
request_251,1513.60,not_affordable,not_recommended,none,2025-05-03,none,Do not make this payment by 06 June 2025. None of the available options keeps the EUR 1300 minimum protected.
request_252,4799422.04,affordable_later,wait,2026-09-13:28082000,2026-09-13,none,"Wait until 13 September 2026, then pay IDR 28082000 in full. Paying sooner would put the IDR 15152200 minimum at risk."
request_253,1373.03,not_affordable,not_recommended,none,2024-05-18,none,Do not make this payment by 01 June 2024. None of the available options keeps the EUR 2300 minimum protected.
request_254,0,not_affordable,not_recommended,none,,none,Do not make this payment by 15 October 2025. None of the available options keeps the USD 2500 minimum protected.
request_255,3345000,affordable_now,full_payment,2026-04-06:3345000,2026-04-06,none,Pay IDR 3345000 on 06 April 2026. This keeps the IDR 9813900 minimum protected over the next 90 days.
request_256,160583.97,affordable_with_plan,installments,2024-06-10:75816|2024-07-11:75816|2024-08-11:75816,2024-07-14,none,"Use 3 installments of INR 75816, starting 10 June 2024. This keeps the INR 168600 minimum protected."
request_257,348.24,affordable_later,wait,2025-11-14:1352.40,2025-11-14,none,"Wait until 14 November 2025, then pay USD 1352.40 in full. Paying sooner would put the USD 1600 minimum at risk."
request_258,1113.60,affordable_now,full_payment,2026-01-07:1113.60,2026-01-07,none,Pay USD 1113.60 on 07 January 2026. This keeps the USD 500 minimum protected over the next 90 days.
request_259,454.47,affordable_later,wait,2024-11-13:935,2024-11-13,none,"Wait until 13 November 2024, then pay EUR 935 in full. Paying sooner would put the EUR 600 minimum at risk."
request_260,10582824.48,affordable_with_plan,partial_payment,2025-02-06:10582824.48|2025-03-16:41496175.52,2025-03-16,none,Pay IDR 10582824.48 on 06 February 2025 and the remaining IDR 41496175.52 on 16 March 2025. This completes the full request and keeps the IDR 20727700 minimum protected.
request_261,1830.40,affordable_now,full_payment,2026-07-03:1830.40,2026-07-03,none,Pay EUR 1830.40 on 03 July 2026. This keeps the EUR 1500 minimum protected over the next 90 days.
request_262,9236000,affordable_now,full_payment,2024-12-05:9236000,2024-12-05,none,Pay IDR 9236000 on 05 December 2024. This keeps the IDR 31018500 minimum protected over the next 90 days.
request_263,7400.64,not_affordable,not_recommended,none,,none,Do not make this payment by 15 June 2025. None of the available options keeps the ZAR 24100 minimum protected.
request_264,23028.78,affordable_later,wait,2026-06-13:111300,2026-06-13,none,"Wait until 13 June 2026, then pay INR 111300 in full. Paying sooner would put the INR 59500 minimum at risk."
request_265,45970,affordable_now,full_payment,2024-03-06:45970,2024-03-06,none,Pay INR 45970 on 06 March 2024. This keeps the INR 189700 minimum protected over the next 90 days.
request_266,935,affordable_with_plan,installments,2025-08-03:324.13|2025-08-31:324.13|2025-09-28:324.13,2025-08-03,none,"Use 3 installments of EUR 324.13, starting 03 August 2025. This keeps the EUR 900 minimum protected."
request_267,1691.54,affordable_with_plan,installments,2026-01-08:667.33|2026-02-07:667.33|2026-03-09:667.33,2026-01-14,none,"Use 3 installments of EUR 667.33, starting 08 January 2026. This keeps the EUR 1500 minimum protected."
request_268,1041.50,affordable_with_plan,installments,2024-06-14:841.22|2024-07-15:841.22|2024-08-15:841.22,2024-07-14,none,"Use 3 installments of EUR 841.22, starting 14 June 2024. This keeps the EUR 1400 minimum protected."
request_269,0,affordable_with_plan,full_payment,2025-11-04:15490,,none,Pay ZAR 15490 on 04 November 2025. This keeps the ZAR 23100 minimum protected over the next 90 days.
request_270,110.30,not_affordable,not_recommended,none,2026-08-14,none,Do not make this payment by 30 August 2026. None of the available options keeps the USD 1400 minimum protected.
request_271,14241.14,affordable_later,wait,2024-10-14:91300,2024-10-14,none,"Wait until 14 October 2024, then pay INR 91300 in full. Paying sooner would put the INR 58200 minimum at risk."
request_272,0,not_affordable,not_recommended,none,,none,Do not make this payment by 10 April 2025. None of the available options keeps the IDR 7508600 minimum protected.
request_273,9546276.09,affordable_with_plan,partial_payment,2026-04-07:9546276.09|2026-04-14:6314723.91,2026-04-14,none,Pay IDR 9546276.09 on 07 April 2026 and the remaining IDR 6314723.91 on 14 April 2026. This completes the full request and keeps the IDR 18774600 minimum protected.
request_274,2214.72,affordable_with_plan,installments,2024-12-04:940.75|2025-01-04:940.75|2025-02-04:940.75,2025-01-16,none,"Use 3 installments of EUR 940.75, starting 04 December 2024. This keeps the EUR 1800 minimum protected."
request_275,15884000,affordable_now,full_payment,2025-05-06:15884000,2025-05-06,none,Pay IDR 15884000 on 06 May 2025. This keeps the IDR 12760100 minimum protected over the next 90 days.
